"Index Name","Date","Open","High","Low","Close"
"NIFTY SMALLCAP 50","23 Sep 2026","9918.3","10004.65","9918.05","10002.50"
"NIFTY SMALLCAP 50","22 Sep 2026","9964.3","9984.4","9885.55","9904.85"
"NIFTY SMALLCAP 50","21 Sep 2026","9971.45","9997.45","9923.2","9948.15"
"NIFTY SMALLCAP 50","18 Sep 2026","9805.45","9964.65","9804.75","9956.65"
"NIFTY SMALLCAP 50","17 Sep 2026","9685.75","9812.25","9683.95","9787.75"
"NIFTY SMALLCAP 50","16 Sep 2026","9699.2","9754.7","9532.7","9698.10"
"NIFTY SMALLCAP 50","15 Sep 2026","9995.5","10014.8","9693.35","9713.70"
"NIFTY SMALLCAP 50","11 Sep 2026","9941.5","9959.4","9859.3","9948.20"
"NIFTY SMALLCAP 50","10 Sep 2026","10018.45","10049.85","9985.5","10005.85"
"NIFTY SMALLCAP 50","09 Sep 2026","10048.5","10061.8","10009.9","10018.35"
"NIFTY SMALLCAP 50","08 Sep 2026","10034.75","10063.15","9993.25","10058.10"
"NIFTY SMALLCAP 50","07 Sep 2026","10008.45","10067.95","9988.4","10026.65"
"NIFTY SMALLCAP 50","04 Sep 2026","10022.55","10064.35","10002.3","10019.50"
"NIFTY SMALLCAP 50","03 Sep 2026","9917.05","9996.3","9916.65","9987.95"
"NIFTY SMALLCAP 50","02 Sep 2026","9865.2","9874.1","9794.8","9865.80"
"NIFTY SMALLCAP 50","01 Sep 2026","9947.4","9954.45","9847.75","9909.05"
"NIFTY SMALLCAP 50","31 Aug 2026","9999.45","10003.7","9891","9937.70"
"NIFTY SMALLCAP 50","28 Aug 2026","10040.05","10050.9","9998.8","10015.00"
"NIFTY SMALLCAP 50","27 Aug 2026","10019.5","10050.3","9994.25","10020.90"
"NIFTY SMALLCAP 50","26 Aug 2026","9966.95","10030.75","9963.1","10012.10"
"NIFTY SMALLCAP 50","25 Aug 2026","9931.75","9952.05","9887.65","9950.25"
"NIFTY SMALLCAP 50","24 Aug 2026","10008.65","10032.4","9943.2","9952.25"
"NIFTY SMALLCAP 50","21 Aug 2026","9959.85","10021.75","9943.15","9987.05"
"NIFTY SMALLCAP 50","20 Aug 2026","9903.4","9964.5","9899.1","9901.85"
"NIFTY SMALLCAP 50","19 Aug 2026","9887.4","9893.95","9824.7","9845.60"
"NIFTY SMALLCAP 50","18 Aug 2026","9892.85","9936.45","9868.4","9893.45"
"NIFTY SMALLCAP 50","17 Aug 2026","9885.55","9905.45","9827.75","9901.90"
"NIFTY SMALLCAP 50","14 Aug 2026","9934.85","9957.05","9869.85","9873.95"
"NIFTY SMALLCAP 50","13 Aug 2026","9927.05","9956.55","9913.5","9943.20"
"NIFTY SMALLCAP 50","12 Aug 2026","9961.65","9964.9","9889.8","9914.30"
"NIFTY SMALLCAP 50","11 Aug 2026","9958.3","9981.45","9930.75","9942.80"
"NIFTY SMALLCAP 50","10 Aug 2026","9941.55","9983.75","9913.2","9925.30"
"NIFTY SMALLCAP 50","07 Aug 2026","9937","9965.35","9909.5","9955.90"
"NIFTY SMALLCAP 50","06 Aug 2026","9901.25","9968","9874.55","9945.05"
"NIFTY SMALLCAP 50","05 Aug 2026","9792.5","9866.4","9788.75","9843.15"
"NIFTY SMALLCAP 50","04 Aug 2026","9769","9798.5","9733.3","9751.80"
"NIFTY SMALLCAP 50","03 Aug 2026","9697","9777.8","9676.65","9757.55"
"NIFTY SMALLCAP 50","31 Jul 2026","9627.1","9676.9","9613.75","9644.45"
"NIFTY SMALLCAP 50","30 Jul 2026","9645.9","9649.15","9581.8","9593.10"
"NIFTY SMALLCAP 50","29 Jul 2026","9539.3","9647.8","9515","9641.10"
"NIFTY SMALLCAP 50","28 Jul 2026","9487.85","9510.65","9439.3","9502.55"
"NIFTY SMALLCAP 50","27 Jul 2026","9442.25","9492.65","9428.95","9486.35"
"NIFTY SMALLCAP 50","24 Jul 2026","9329.25","9374.55","9246.65","9362.65"
"NIFTY SMALLCAP 50","23 Jul 2026","9474.3","9479.75","9377.65","9384.40"
"NIFTY SMALLCAP 50","22 Jul 2026","9644.85","9646.3","9471.65","9483.75"
"NIFTY SMALLCAP 50","21 Jul 2026","9640.15","9677.8","9622.05","9659.15"
"NIFTY SMALLCAP 50","20 Jul 2026","9570.6","9639.35","9544.9","9611.00"
"NIFTY SMALLCAP 50","17 Jul 2026","9619.1","9621","9489.55","9576.65"
"NIFTY SMALLCAP 50","16 Jul 2026","9629.75","9633.65","9562.4","9597.90"
"NIFTY SMALLCAP 50","15 Jul 2026","9572.9","9650.5","9552.8","9588.15"
"NIFTY SMALLCAP 50","14 Jul 2026","9610","9612.35","9519.3","9533.70"
"NIFTY SMALLCAP 50","13 Jul 2026","9560.75","9648.45","9517.25","9638.20"
"NIFTY SMALLCAP 50","10 Jul 2026","9542.15","9636.7","9523.45","9621.15"
"NIFTY SMALLCAP 50","09 Jul 2026","9334.85","9495.15","9323.7","9477.95"
"NIFTY SMALLCAP 50","08 Jul 2026","9488","9523.15","9266.1","9306.85"
"NIFTY SMALLCAP 50","07 Jul 2026","9597.6","9602.5","9507.1","9531.70"
"NIFTY SMALLCAP 50","06 Jul 2026","9475.65","9589","9461.2","9578.15"
"NIFTY SMALLCAP 50","03 Jul 2026","9503.5","9523.7","9460.3","9470.40"
"NIFTY SMALLCAP 50","02 Jul 2026","9387.4","9464.85","9367.15","9460.00"
"NIFTY SMALLCAP 50","01 Jul 2026","9346.6","9406.3","9322.9","9354.15"
"NIFTY SMALLCAP 50","30 Jun 2026","9264.15","9355.25","9251.5","9332.55"
"NIFTY SMALLCAP 50","29 Jun 2026","9292.75","9306.3","9200.45","9235.05"
"NIFTY SMALLCAP 50","25 Jun 2026","9369.45","9373.1","9286.95","9295.95"
"NIFTY SMALLCAP 50","24 Jun 2026","9278.05","9339.3","9230.4","9332.05"
"NIFTY SMALLCAP 50","23 Jun 2026","9352.45","9388.7","9258.25","9288.55"
"NIFTY SMALLCAP 50","22 Jun 2026","9332.35","9341.05","9298.8","9326.85"
"NIFTY SMALLCAP 50","19 Jun 2026","9228.95","9306.55","9213.9","9285.45"
"NIFTY SMALLCAP 50","18 Jun 2026","9204.85","9262.8","9187.4","9238.80"
"NIFTY SMALLCAP 50","17 Jun 2026","9146.25","9189.45","9134.65","9181.85"
"NIFTY SMALLCAP 50","16 Jun 2026","9106.7","9138.55","9073.9","9114.60"
"NIFTY SMALLCAP 50","15 Jun 2026","9117","9140.65","9060.95","9073.50"
"NIFTY SMALLCAP 50","12 Jun 2026","8871.4","8983.7","8849.65","8976.10"
"NIFTY SMALLCAP 50","11 Jun 2026","8740.35","8822.6","8700.25","8746.80"
"NIFTY SMALLCAP 50","10 Jun 2026","8918.1","8929.1","8762.5","8779.00"
"NIFTY SMALLCAP 50","09 Jun 2026","8805.05","8917.6","8804.95","8905.50"
"NIFTY SMALLCAP 50","08 Jun 2026","8812.9","8877.15","8735.85","8766.30"
"NIFTY SMALLCAP 50","05 Jun 2026","8938.15","8969.55","8863.9","8909.55"
"NIFTY SMALLCAP 50","04 Jun 2026","8855.9","8946.85","8841.15","8914.25"
"NIFTY SMALLCAP 50","03 Jun 2026","8909","8916.95","8762.1","8880.25"
"NIFTY SMALLCAP 50","02 Jun 2026","8837.7","8905.2","8780.3","8894.60"
"NIFTY SMALLCAP 50","01 Jun 2026","9008.6","9038.9","8868.85","8882.00"
"NIFTY SMALLCAP 50","29 May 2026","9075.5","9091.3","8930.25","8951.35"
"NIFTY SMALLCAP 50","27 May 2026","9032.25","9083.95","9014.3","9039.45"
"NIFTY SMALLCAP 50","26 May 2026","8988.05","9066.45","8983","9013.75"
"NIFTY SMALLCAP 50","25 May 2026","8929.15","8987.85","8921.95","8977.90"
"NIFTY SMALLCAP 50","22 May 2026","8871.7","8881.3","8824.65","8836.70"
"NIFTY SMALLCAP 50","21 May 2026","8870.85","8898.5","8832.65","8858.30"
"NIFTY SMALLCAP 50","20 May 2026","8776.3","8822.4","8725.8","8811.65"
"NIFTY SMALLCAP 50","19 May 2026","8749.1","8859.4","8737.95","8824.65"
"NIFTY SMALLCAP 50","18 May 2026","8781.9","8781.9","8606","8718.35"
"NIFTY SMALLCAP 50","15 May 2026","8881.65","8894","8784.95","8824.95"
"NIFTY SMALLCAP 50","14 May 2026","8892.65","8918","8757.55","8871.90"
"NIFTY SMALLCAP 50","13 May 2026","8841.65","8919.1","8807.35","8845.90"
"NIFTY SMALLCAP 50","12 May 2026","9071.85","9089.75","8805.85","8818.50"
"NIFTY SMALLCAP 50","11 May 2026","9126.15","9142.8","9038.35","9079.90"
"NIFTY SMALLCAP 50","08 May 2026","9179.95","9208.25","9148.15","9174.55"
"NIFTY SMALLCAP 50","07 May 2026","9133.4","9185.9","9102.35","9168.60"
"NIFTY SMALLCAP 50","06 May 2026","8994.2","9097.8","8968.15","9084.75"
"NIFTY SMALLCAP 50","05 May 2026","8879.1","8912.85","8844.2","8901.20"
"NIFTY SMALLCAP 50","04 May 2026","8854.1","8933.95","8800.85","8865.05"
"NIFTY SMALLCAP 50","30 Apr 2026","8822.15","8833.7","8695.9","8786.60"
"NIFTY SMALLCAP 50","29 Apr 2026","8834.9","8879.75","8816.4","8832.90"
"NIFTY SMALLCAP 50","28 Apr 2026","8782.1","8836","8770","8788.50"
"NIFTY SMALLCAP 50","27 Apr 2026","8637.7","8762.4","8633.45","8749.05"
"NIFTY SMALLCAP 50","24 Apr 2026","8651.95","8688.9","8532.4","8586.10"
"NIFTY SMALLCAP 50","23 Apr 2026","8665.35","8720.85","8617.9","8633.15"
"NIFTY SMALLCAP 50","22 Apr 2026","8582.85","8705.15","8573.35","8691.40"
"NIFTY SMALLCAP 50","21 Apr 2026","8539.6","8614.9","8531.8","8585.65"
"NIFTY SMALLCAP 50","20 Apr 2026","8565.35","8574.05","8448","8508.20"
"NIFTY SMALLCAP 50","17 Apr 2026","8443.65","8562.05","8424.85","8552.95"
"NIFTY SMALLCAP 50","16 Apr 2026","8432.8","8458.85","8346.8","8414.90"
"NIFTY SMALLCAP 50","15 Apr 2026","8312.1","8372.7","8284.4","8361.70"
"NIFTY SMALLCAP 50","13 Apr 2026","8048.55","8185.45","7963.95","8167.50"
"NIFTY SMALLCAP 50","10 Apr 2026","8114.95","8221.85","8104.55","8202.65"
"NIFTY SMALLCAP 50","09 Apr 2026","8086.9","8135.8","8030.05","8067.55"
"NIFTY SMALLCAP 50","08 Apr 2026","8000.5","8089.75","7939.2","8078.85"
"NIFTY SMALLCAP 50","07 Apr 2026","7699.6","7757.2","7645.45","7722.15"
"NIFTY SMALLCAP 50","06 Apr 2026","7645.85","7741.5","7534","7735.15"
"NIFTY SMALLCAP 50","02 Apr 2026","7565.15","7646.05","7404.25","7625.85"
"NIFTY SMALLCAP 50","01 Apr 2026","7661.8","7745.05","7629.6","7666.95"
"NIFTY SMALLCAP 50","30 Mar 2026","7567.9","7593.2","7452.85","7465.05"
"NIFTY SMALLCAP 50","27 Mar 2026","7752.45","7757.7","7640.45","7657.80"
"NIFTY SMALLCAP 50","25 Mar 2026","7684.35","7853.75","7656.05","7805.45"
"NIFTY SMALLCAP 50","24 Mar 2026","7576.2","7618.95","7398.7","7598.25"
"NIFTY SMALLCAP 50","23 Mar 2026","7613","7613.4","7338.35","7400.60"
"NIFTY SMALLCAP 50","20 Mar 2026","7763.15","7808.45","7669.25","7683.40"
"NIFTY SMALLCAP 50","19 Mar 2026","7827.55","7833.15","7667.9","7696.25"
"NIFTY SMALLCAP 50","18 Mar 2026","7849.55","7972.5","7838.15","7940.75"
"NIFTY SMALLCAP 50","17 Mar 2026","7803.9","7837.05","7745","7813.50"
"NIFTY SMALLCAP 50","16 Mar 2026","7771.05","7814","7626.15","7761.75"
"NIFTY SMALLCAP 50","13 Mar 2026","7956.65","7961.4","7762.25","7792.00"
"NIFTY SMALLCAP 50","12 Mar 2026","8017.3","8053.35","7898.75","7985.20"
"NIFTY SMALLCAP 50","11 Mar 2026","8119.15","8172.7","8040.45","8054.20"
"NIFTY SMALLCAP 50","10 Mar 2026","8022.8","8117.85","8002.7","8098.45"
"NIFTY SMALLCAP 50","09 Mar 2026","7934.75","7943.45","7795.95","7926.15"
"NIFTY SMALLCAP 50","06 Mar 2026","8128.95","8193.55","8081.35","8091.85"
"NIFTY SMALLCAP 50","05 Mar 2026","8047.6","8151.9","8012.2","8139.00"
"NIFTY SMALLCAP 50","04 Mar 2026","8060.65","8063.85","7929","7991.45"
"NIFTY SMALLCAP 50","02 Mar 2026","7986.6","8260.6","7983.8","8167.25"
"NIFTY SMALLCAP 50","27 Feb 2026","8404.35","8410.55","8289.05","8302.30"
"NIFTY SMALLCAP 50","26 Feb 2026","8428.75","8455.8","8361.6","8409.85"
"NIFTY SMALLCAP 50","25 Feb 2026","8369.55","8442.15","8363","8417.35"
"NIFTY SMALLCAP 50","24 Feb 2026","8337.9","8361.25","8275.55","8334.00"
"NIFTY SMALLCAP 50","23 Feb 2026","8393.7","8432.45","8326.35","8364.90"
"NIFTY SMALLCAP 50","20 Feb 2026","8324.7","8369.35","8301.5","8333.65"
"NIFTY SMALLCAP 50","19 Feb 2026","8489.5","8497.6","8309","8335.15"
"NIFTY SMALLCAP 50","18 Feb 2026","8427.3","8464.95","8393.5","8456.75"
"NIFTY SMALLCAP 50","17 Feb 2026","8363.45","8414.85","8340.15","8406.30"
"NIFTY SMALLCAP 50","16 Feb 2026","8260.45","8367.2","8213.15","8362.05"
"NIFTY SMALLCAP 50","13 Feb 2026","8404.5","8406.95","8281.4","8318.55"
"NIFTY SMALLCAP 50","12 Feb 2026","8505","8505","8435.6","8478.10"
"NIFTY SMALLCAP 50","11 Feb 2026","8532.85","8533.15","8470","8517.00"
"NIFTY SMALLCAP 50","10 Feb 2026","8512.5","8546.2","8487.45","8519.50"
"NIFTY SMALLCAP 50","09 Feb 2026","8337.4","8495.65","8315.1","8484.50"
"NIFTY SMALLCAP 50","06 Feb 2026","8246.65","8276.5","8136.9","8266.00"
"NIFTY SMALLCAP 50","05 Feb 2026","8380.55","8380.55","8235.3","8285.10"
"NIFTY SMALLCAP 50","04 Feb 2026","8273.35","8425.7","8245.15","8411.10"
"NIFTY SMALLCAP 50","03 Feb 2026","8420","8471.1","8238.9","8268.15"
"NIFTY SMALLCAP 50","02 Feb 2026","7951.05","8057.7","7825.4","8024.75"
"NIFTY SMALLCAP 50","01 Feb 2026","8121.65","8131.6","7833.65","7968.60"
"NIFTY SMALLCAP 50","30 Jan 2026","8145.7","8237.2","8054.2","8189.35"
"NIFTY SMALLCAP 50","29 Jan 2026","8224.15","8232.9","8125.05","8175.05"
"NIFTY SMALLCAP 50","28 Jan 2026","8090","8201.35","8077.05","8189.95"
"NIFTY SMALLCAP 50","27 Jan 2026","8042.15","8076.2","7936.4","8041.45"
"NIFTY SMALLCAP 50","23 Jan 2026","8189.1","8193.15","7971.35","7984.55"
"NIFTY SMALLCAP 50","22 Jan 2026","8172.4","8215","8061.2","8140.65"
"NIFTY SMALLCAP 50","21 Jan 2026","8166.85","8208.45","7995.45","8085.55"
"NIFTY SMALLCAP 50","20 Jan 2026","8430.6","8430.9","8169.85","8192.45"
"NIFTY SMALLCAP 50","19 Jan 2026","8499.2","8521.3","8410.9","8426.35"
"NIFTY SMALLCAP 50","16 Jan 2026","8537.55","8574.3","8488.3","8505.35"
"NIFTY SMALLCAP 50","14 Jan 2026","8441.25","8541.75","8427.75","8520.25"
"NIFTY SMALLCAP 50","13 Jan 2026","8409.65","8460.85","8359","8447.55"
"NIFTY SMALLCAP 50","12 Jan 2026","8436.35","8441.55","8265.6","8374.55"
"NIFTY SMALLCAP 50","09 Jan 2026","8593.2","8621.55","8420.7","8435.05"
"NIFTY SMALLCAP 50","08 Jan 2026","8786.6","8794.35","8584.45","8605.10"
"NIFTY SMALLCAP 50","07 Jan 2026","8711.45","8792","8683.9","8774.90"
"NIFTY SMALLCAP 50","06 Jan 2026","8735.9","8743.75","8661.3","8706.55"
"NIFTY SMALLCAP 50","05 Jan 2026","8679.4","8728.55","8655.25","8696.30"
"NIFTY SMALLCAP 50","02 Jan 2026","8621.5","8663.35","8592","8656.75"
"NIFTY SMALLCAP 50","01 Jan 2026","8617.35","8621.25","8554.75","8602.45"
"NIFTY SMALLCAP 50","31 Dec 2025","8547.45","8623.6","8536.8","8606.10"
"NIFTY SMALLCAP 50","30 Dec 2025","8538.35","8543.15","8450.75","8515.80"
"NIFTY SMALLCAP 50","29 Dec 2025","8635.1","8638.3","8532.05","8545.30"
"NIFTY SMALLCAP 50","26 Dec 2025","8644.5","8667.4","8611.25","8620.65"
"NIFTY SMALLCAP 50","24 Dec 2025","8637.7","8673.9","8622.55","8633.40"
"NIFTY SMALLCAP 50","23 Dec 2025","8628.95","8638.1","8591.35","8629.00"
"NIFTY SMALLCAP 50","22 Dec 2025","8555.7","8625.4","8533.55","8611.45"
"NIFTY SMALLCAP 50","19 Dec 2025","8426.7","8529.75","8417.85","8520.85"
"NIFTY SMALLCAP 50","18 Dec 2025","8398.8","8418.35","8317.6","8403.05"
"NIFTY SMALLCAP 50","17 Dec 2025","8464.4","8487","8366.3","8385.40"
"NIFTY SMALLCAP 50","16 Dec 2025","8499.05","8500.55","8435.35","8449.60"
"NIFTY SMALLCAP 50","15 Dec 2025","8509.65","8523.75","8477.8","8515.70"
"NIFTY SMALLCAP 50","12 Dec 2025","8465.95","8513.2","8455.4","8505.85"
"NIFTY SMALLCAP 50","11 Dec 2025","8358.75","8442.6","8323","8430.45"
"NIFTY SMALLCAP 50","10 Dec 2025","8460.3","8496.6","8333.85","8355.00"
"NIFTY SMALLCAP 50","09 Dec 2025","8331.4","8457.15","8221.35","8448.35"
"NIFTY SMALLCAP 50","08 Dec 2025","8577.05","8582.4","8311.6","8348.10"
"NIFTY SMALLCAP 50","05 Dec 2025","8610.35","8612.8","8541.9","8579.70"
"NIFTY SMALLCAP 50","04 Dec 2025","8644","8664.1","8594.2","8611.55"
"NIFTY SMALLCAP 50","03 Dec 2025","8709","8728.95","8612.4","8640.90"
"NIFTY SMALLCAP 50","02 Dec 2025","8739.7","8755.3","8685.4","8706.60"
"NIFTY SMALLCAP 50","01 Dec 2025","8732.15","8769.15","8717.4","8738.85"
"NIFTY SMALLCAP 50","28 Nov 2025","8728.05","8732.4","8671.65","8699.60"
"NIFTY SMALLCAP 50","27 Nov 2025","8792.25","8793.95","8689.3","8712.40"
"NIFTY SMALLCAP 50","26 Nov 2025","8649.55","8766.85","8638.2","8762.70"
"NIFTY SMALLCAP 50","25 Nov 2025","8621","8642.95","8594.9","8626.60"
"NIFTY SMALLCAP 50","24 Nov 2025","8692.85","8710.5","8598.6","8609.35"
"NIFTY SMALLCAP 50","21 Nov 2025","8768.6","8770.25","8675.15","8680.70"
"NIFTY SMALLCAP 50","20 Nov 2025","8817.75","8845.55","8770","8776.85"
"NIFTY SMALLCAP 50","19 Nov 2025","8808.4","8809.45","8767","8780.30"
"NIFTY SMALLCAP 50","18 Nov 2025","8915.9","8915.9","8794.35","8805.95"
"NIFTY SMALLCAP 50","17 Nov 2025","8873.1","8909.75","8866.95","8898.45"
"NIFTY SMALLCAP 50","14 Nov 2025","8809.8","8863.2","8804.65","8842.65"
"NIFTY SMALLCAP 50","13 Nov 2025","8856.6","8889.5","8807.45","8819.90"
"NIFTY SMALLCAP 50","12 Nov 2025","8797.55","8846.75","8787.55","8839.70"
"NIFTY SMALLCAP 50","11 Nov 2025","8792.85","8799.55","8717.7","8762.70"
"NIFTY SMALLCAP 50","10 Nov 2025","8758.3","8789.2","8739.15","8772.35"
"NIFTY SMALLCAP 50","07 Nov 2025","8690.2","8767.75","8622.45","8737.80"
"NIFTY SMALLCAP 50","06 Nov 2025","8868.5","8873.6","8735.85","8750.95"
"NIFTY SMALLCAP 50","04 Nov 2025","8943.1","8943.3","8845.95","8853.60"
"NIFTY SMALLCAP 50","03 Nov 2025","8851.6","8950.95","8851","8932.05"
"NIFTY SMALLCAP 50","31 Oct 2025","8905.45","8921.85","8833.25","8842.65"
"NIFTY SMALLCAP 50","30 Oct 2025","8904.95","8907.65","8846.2","8882.30"
"NIFTY SMALLCAP 50","29 Oct 2025","8867.4","8903.6","8814.9","8893.60"
"NIFTY SMALLCAP 50","28 Oct 2025","8892.2","8913.05","8827.1","8857.10"
"NIFTY SMALLCAP 50","27 Oct 2025","8817.6","8873.65","8795.55","8870.60"
"NIFTY SMALLCAP 50","24 Oct 2025","8832.2","8833.15","8771.35","8788.80"
"NIFTY SMALLCAP 50","23 Oct 2025","8827.85","8853.6","8775.8","8816.45"
"NIFTY SMALLCAP 50","21 Oct 2025","8811.35","8835","8787","8802.30"
"NIFTY SMALLCAP 50","20 Oct 2025","8741.85","8772.4","8705.5","8763.65"
"NIFTY SMALLCAP 50","17 Oct 2025","8703.4","8746.05","8674.2","8704.00"
"NIFTY SMALLCAP 50","16 Oct 2025","8726.65","8749.95","8692","8700.35"
"NIFTY SMALLCAP 50","15 Oct 2025","8654.5","8705.15","8638.95","8697.05"
"NIFTY SMALLCAP 50","14 Oct 2025","8725.15","8742.85","8599.7","8627.70"
"NIFTY SMALLCAP 50","13 Oct 2025","8653.55","8701.3","8635.75","8692.05"
"NIFTY SMALLCAP 50","10 Oct 2025","8620.2","8697.4","8602.95","8685.75"
"NIFTY SMALLCAP 50","09 Oct 2025","8553.65","8611","8518.95","8604.00"
"NIFTY SMALLCAP 50","08 Oct 2025","8598.1","8608.65","8526.45","8538.25"
"NIFTY SMALLCAP 50","07 Oct 2025","8583.4","8624.25","8560.95","8580.95"
"NIFTY SMALLCAP 50","06 Oct 2025","8543.15","8565.55","8509.6","8556.30"
"NIFTY SMALLCAP 50","03 Oct 2025","8496.3","8529.5","8468.05","8517.90"
"NIFTY SMALLCAP 50","01 Oct 2025","8401.85","8482.45","8373.9","8476.20"
"NIFTY SMALLCAP 50","30 Sep 2025","8438","8441.85","8340.75","8395.40"
"NIFTY SMALLCAP 50","29 Sep 2025","8470.15","8527.9","8394.9","8410.15"
"NIFTY SMALLCAP 50","26 Sep 2025","8635.55","8644.4","8424.75","8434.80"
"NIFTY SMALLCAP 50","25 Sep 2025","8693.4","8747.3","8651","8663.15"